{"v":"5.7.11","fr":30,"ip":0,"op":151,"w":1920,"h":1080,"nm":"SIZE&ME FULL LOOP FILL COLOR","ddd":0,"assets":[],"layers":[{"ddd":0,"ind":1,"ty":4,"nm":"M STROKE","sr":1,"ks":{"o":{"a":0,"k":100,"ix":11},"r":{"a":0,"k":0,"ix":10},"p":{"a":0,"k":[960,560,0],"ix":2,"l":2},"a":{"a":0,"k":[540,540,0],"ix":1,"l":2},"s":{"a":0,"k":[100,100,100],"ix":6,"l":2}},"ao":0,"hasMask":true,"masksProperties":[{"inv":true,"mode":"a","pt":{"a":0,"k":{"i":[[0,0],[0,0],[0,0],[0,0]],"o":[[0,0],[0,0],[0,0],[0,0]],"v":[[572.5,457],[552.75,487.5],[594.75,530],[621.75,504.75]],"c":true},"ix":1},"o":{"a":0,"k":100,"ix":3},"x":{"a":0,"k":0,"ix":4},"nm":"Mask 1"},{"inv":false,"mode":"s","pt":{"a":0,"k":{"i":[[0,0],[0,0],[0,0],[0,0]],"o":[[0,0],[0,0],[0,0],[0,0]],"v":[[395.5,658.75],[396.25,667.5],[432.875,668],[430.875,659.5]],"c":true},"ix":1},"o":{"a":0,"k":100,"ix":3},"x":{"a":0,"k":0,"ix":4},"nm":"Mask 2"},{"inv":false,"mode":"s","pt":{"a":0,"k":{"i":[[0,0],[0,0],[0,0],[0,0]],"o":[[0,0],[0,0],[0,0],[0,0]],"v":[[407.5,693],[408.25,701.75],[444.875,702.25],[442.875,693.75]],"c":true},"ix":1},"o":{"a":0,"k":100,"ix":3},"x":{"a":0,"k":0,"ix":4},"nm":"Mask 3"},{"inv":false,"mode":"s","pt":{"a":0,"k":{"i":[[0,0],[0,0],[0,0],[0,0]],"o":[[0,0],[0,0],[0,0],[0,0]],"v":[[639.375,693],[635.125,701.625],[671,702.25],[673.875,693.75]],"c":true},"ix":1},"o":{"a":0,"k":100,"ix":3},"x":{"a":0,"k":0,"ix":4},"nm":"Mask 4"},{"inv":false,"mode":"s","pt":{"a":0,"k":{"i":[[0,0],[0,0],[0,0],[0,0]],"o":[[0,0],[0,0],[0,0],[0,0]],"v":[[649.875,659.375],[648.375,668.625],[682,669.375],[685.125,660.125]],"c":true},"ix":1},"o":{"a":0,"k":100,"ix":3},"x":{"a":0,"k":0,"ix":4},"nm":"Mask 5"}],"shapes":[{"ty":"gr","it":[{"ind":0,"ty":"sh","ix":1,"ks":{"a":0,"k":{"i":[[16.185,16.184],[0,0],[21.653,-21.653],[0,0],[-5.012,-5.016],[-2.65,-2.653],[0,0],[-9.324,-9.324],[0,0],[3.828,-9.244],[10.007,0],[0,0],[-0.001,0.005],[0,0],[0.001,-0.005],[0,0],[0,0],[0,0],[0,0],[0,0],[0,0],[0,0],[3.83,9.245],[-7.077,7.076],[0,0],[-6.124,0],[-4.663,-4.662],[0,0],[0.038,-0.017],[-1.294,-1.294],[-6.981,-6.991],[-0.048,0.015],[0,0],[0,0],[0,0],[0,0],[0,0],[0,0],[0,0],[0,0],[0,0],[0,0],[0,0],[21.653,-21.653],[0,0],[-8.759,-21.147],[-22.888,0],[0,0],[0,0],[0,0],[0,0],[0,0],[0,0],[0,0],[-8.759,21.145]],"o":[[0,0],[-21.652,-21.653],[0,0],[4.613,4.619],[2.574,2.575],[0,0],[9.324,-9.324],[0,0],[7.077,7.076],[-3.83,9.245],[0,0],[0.001,-0.005],[0,0],[-0.001,0.005],[0,0],[0,0],[0,0],[0,0],[0,0],[0,0],[0,0],[-10.007,0],[-3.829,-9.244],[0,0],[4.662,-4.662],[6.125,0],[0,0],[-0.039,0.017],[1.272,1.273],[6.651,6.656],[0.048,-0.016],[0,0],[0,0],[0,0],[0,0],[0,0],[0,0],[0,0],[0,0],[0,0],[0,0],[0,0],[-21.652,-21.653],[0,0],[-16.184,16.185],[8.759,21.145],[0,0],[0,0],[0,0],[0,0],[0,0],[0,0],[0,0],[22.889,0],[8.759,-21.147]],"v":[[306.023,40.493],[151.886,-113.644],[73.348,-113.644],[64.618,-104.913],[79.109,-90.409],[86.965,-82.547],[95.706,-91.287],[129.529,-91.287],[283.666,62.85],[288.852,88.914],[266.754,103.679],[142.384,103.679],[142.386,103.664],[110.095,103.664],[110.091,103.679],[91.606,103.679],[41.517,103.679],[-41.518,103.679],[-91.608,103.679],[-110.01,103.679],[-142.272,103.679],[-266.755,103.679],[-288.852,88.914],[-283.667,62.85],[-129.53,-91.287],[-112.62,-98.28],[-95.707,-91.287],[-58.72,-54.3],[-58.836,-54.246],[-54.996,-50.403],[-34.395,-29.782],[-34.251,-29.831],[-22.358,-17.937],[0,4.421],[22.357,-17.937],[43.448,-39.027],[65.805,-61.386],[65.834,-61.415],[45.562,-81.687],[43.477,-83.772],[21.121,-61.416],[0,-40.294],[-73.35,-113.644],[-151.888,-113.644],[-306.024,40.493],[-318.062,101.014],[-266.755,135.296],[-132.767,135.296],[-97.404,135.296],[-41.518,135.296],[41.517,135.296],[97.514,135.296],[132.844,135.296],[266.754,135.296],[318.062,101.014]],"c":true},"ix":2},"nm":"Path 1","mn":"ADBE Vector Shape - Group","hd":false},{"ty":"tr","p":{"a":0,"k":[540,560.678],"ix":2},"a":{"a":0,"k":[0,0],"ix":1},"s":{"a":0,"k":[100,100],"ix":3},"r":{"a":0,"k":0,"ix":6},"o":{"a":0,"k":100,"ix":7},"sk":{"a":0,"k":0,"ix":4},"sa":{"a":0,"k":0,"ix":5},"nm":"Transform"}],"nm":"Group 1","np":2,"cix":2,"bm":0,"ix":1,"mn":"ADBE Vector Group","hd":false},{"ty":"tm","s":{"a":1,"k":[{"i":{"x":[0],"y":[1]},"o":{"x":[0.333],"y":[0]},"t":30,"s":[100]},{"t":60,"s":[0]}],"ix":1},"e":{"a":1,"k":[{"i":{"x":[0],"y":[1]},"o":{"x":[0.333],"y":[0]},"t":120,"s":[100]},{"t":150,"s":[0]}],"ix":2},"o":{"a":0,"k":0,"ix":3},"m":1,"ix":2,"nm":"Trim Paths 1","mn":"ADBE Vector Filter - Trim","hd":false},{"ty":"fl","c":{"a":0,"k":[1,1,1,1],"ix":4},"o":{"a":1,"k":[{"i":{"x":[0.833],"y":[0.833]},"o":{"x":[0.167],"y":[0.167]},"t":60,"s":[0]},{"i":{"x":[0.833],"y":[0.833]},"o":{"x":[0.167],"y":[0.167]},"t":70,"s":[100]},{"i":{"x":[0.833],"y":[0.833]},"o":{"x":[0.167],"y":[0.167]},"t":110,"s":[100]},{"t":120,"s":[0]}],"ix":5},"r":1,"bm":0,"nm":"Fill 1","mn":"ADBE Vector Graphic - Fill","hd":false},{"ty":"st","c":{"a":0,"k":[1,1,1,1],"ix":3},"o":{"a":1,"k":[{"i":{"x":[0.833],"y":[0.833]},"o":{"x":[0.167],"y":[0.167]},"t":60,"s":[100]},{"i":{"x":[0.833],"y":[0.833]},"o":{"x":[0.167],"y":[0.167]},"t":70,"s":[0]},{"i":{"x":[0.833],"y":[0.833]},"o":{"x":[0.167],"y":[0.167]},"t":110,"s":[0]},{"t":120,"s":[100]}],"ix":4},"w":{"a":0,"k":4,"ix":5},"lc":1,"lj":1,"ml":4,"bm":0,"nm":"Stroke 1","mn":"ADBE Vector Graphic - Stroke","hd":false}],"ip":30,"op":151,"st":30,"bm":0},{"ddd":0,"ind":2,"ty":4,"nm":"S STROKE","sr":1,"ks":{"o":{"a":0,"k":100,"ix":11},"r":{"a":0,"k":0,"ix":10},"p":{"a":0,"k":[960,560,0],"ix":2,"l":2},"a":{"a":0,"k":[540,540,0],"ix":1,"l":2},"s":{"a":0,"k":[100,100,100],"ix":6,"l":2}},"ao":0,"shapes":[{"ty":"gr","it":[{"ind":0,"ty":"sh","ix":1,"ks":{"a":0,"k":{"i":[[5.68,-9.681],[0.444,-0.718],[7.69,-7.047],[13.788,-5.013],[13.207,-0.017],[0,0],[12.562,4.607],[9.214,7.211],[6.93,11.17],[0.481,0.82],[2.604,11.172],[0.257,1.303],[-2.38,13.526],[-6.011,10.913],[-9.092,8.342],[-4.774,3.201],[0,0],[3.865,-3.547],[7.59,-13.773],[2.752,-15.637],[-3.033,-16.787],[-0.146,-0.74],[-4.044,-9.4],[-3.81,-6.141],[-13.318,-10.424],[-14.238,-5.222],[-17.1,0],[0,0],[-15.788,5.738],[-14.02,12.845],[-6.918,11.16],[-2.812,6.559],[-1.967,9.201],[-0.279,1.551],[0,0]],"o":[[-0.43,0.732],[-5.392,8.698],[-10.983,10.063],[-12.328,4.48],[0,0],[-13.371,0],[-11.134,-4.084],[-10.237,-8.012],[-0.502,-0.811],[-5.77,-9.843],[-0.301,-1.289],[-2.695,-13.669],[2.149,-12.204],[5.929,-10.761],[4.21,-3.864],[0,0],[-4.261,3.12],[-11.625,10.665],[-7.695,13.968],[-2.922,16.593],[0.135,0.743],[2.004,10.166],[2.837,6.594],[8.992,14.492],[11.817,9.249],[16.061,5.891],[0,0],[16.889,-0.022],[17.658,-6.421],[9.825,-9.002],[3.687,-5.953],[3.726,-8.69],[0.329,-1.54],[0,0],[-2.586,11.1]],"v":[[99.025,43.312],[97.733,45.508],[78.019,69.234],[40.154,92.28],[1.672,99.058],[1.545,99.058],[-37.537,92.115],[-68.202,75.093],[-94.444,45.771],[-95.893,43.312],[-108.5,11.696],[-109.356,7.813],[-109.836,-33.755],[-97.537,-68.596],[-74.898,-97.384],[-61.359,-107.99],[-84.045,-130.675],[-96.273,-120.682],[-125.229,-83.854],[-140.973,-39.239],[-140.762,11.696],[-140.375,13.93],[-131.256,43.312],[-121.309,62.441],[-87.689,99.99],[-48.424,121.799],[1.546,130.676],[1.712,130.676],[50.957,121.995],[99.378,92.546],[124.609,62.161],[134.355,43.312],[142.987,16.333],[143.895,11.696],[111.602,11.696]],"c":true},"ix":2},"nm":"Path 1","mn":"ADBE Vector Shape - Group","hd":false},{"ty":"tr","p":{"a":0,"k":[538.489,652.662],"ix":2},"a":{"a":0,"k":[0,0],"ix":1},"s":{"a":0,"k":[100,100],"ix":3},"r":{"a":0,"k":0,"ix":6},"o":{"a":0,"k":100,"ix":7},"sk":{"a":0,"k":0,"ix":4},"sa":{"a":0,"k":0,"ix":5},"nm":"Transform"}],"nm":"Group 2","np":2,"cix":2,"bm":0,"ix":1,"mn":"ADBE Vector Group","hd":false},{"ty":"gr","it":[{"ind":0,"ty":"sh","ix":1,"ks":{"a":0,"k":{"i":[[-8.045,-11.903],[-2.026,-2.094],[-23.625,-23.642],[-8.366,-8.381],[-7.113,-7.145],[-5.299,-5.639],[-3.853,-5.143],[-3.101,-6.395],[-1.805,-6.514],[-0.323,-8.901],[-2.809,-0.002],[-7.914,-0.005],[0.006,0.186],[3.046,10.992],[3.784,7.8],[5.591,7.464],[3.872,4.119],[18.593,18.674],[6.979,6.992],[0,0],[0,0],[0,0],[6.667,6.672],[5.679,5.869],[2.094,3.101],[0.526,3.663],[-0.946,4.8],[-2.847,4.534],[-4.159,3.165],[-4.768,1.457],[-4.647,-0.813],[-7.454,-5.653],[-1.317,-3.023],[-0.003,-5.86],[0,0],[4.052,9.309],[13.755,10.432],[8.151,1.426],[11.116,-3.397],[6.989,-5.32],[4.82,-7.672],[1.782,-9.048],[-1.195,-8.341]],"o":[[3.263,4.829],[5.86,6.058],[7.98,7.986],[7.64,7.652],[18.221,18.301],[1.124,1.195],[4.385,5.853],[2.952,6.08],[2.334,8.426],[2.736,0.002],[7.556,0.002],[-0.005,-0.186],[-0.371,-11.571],[-2.314,-8.357],[-3.98,-8.201],[-3.304,-4.41],[-5.58,-5.939],[-6.424,-6.453],[0,0],[0,0],[0,0],[-6.77,-6.779],[-23.526,-23.544],[-0.835,-0.863],[-4.929,-7.293],[-0.687,-4.806],[1.03,-5.235],[2.793,-4.445],[4.044,-3.079],[8.063,-2.466],[3.854,0.674],[8.327,6.315],[2.309,5.306],[0,0],[-0.006,-10.223],[-2.867,-6.586],[-12.129,-9.198],[-11.545,-2.022],[-8.304,2.539],[-7.188,5.474],[-4.916,7.825],[-1.634,8.3],[1.114,7.762]],"v":[[-96.574,-51.257],[-88.221,-40.995],[-38.333,9.12],[-13.549,33.932],[8.777,56.32],[47.469,95.594],[55.865,105.572],[67.147,124.029],[74.315,143.009],[78.311,169.118],[86.62,169.122],[109.944,169.133],[109.933,168.572],[104.784,134.57],[95.594,110.224],[81.17,86.617],[70.508,73.943],[31.134,33.962],[10.892,13.661],[8.806,11.576],[4.289,7.058],[4.294,7.052],[-15.97,-13.229],[-65.495,-62.976],[-70.378,-68.961],[-77.453,-87.161],[-77.064,-101.64],[-71.219,-116.362],[-60.742,-127.831],[-47.273,-134.766],[-27.328,-135.966],[-8.442,-127.664],[5.165,-110.61],[8.65,-93.783],[40.267,-93.799],[34.152,-123.232],[10.664,-152.857],[-21.88,-167.11],[-56.518,-165.003],[-79.895,-152.989],[-97.992,-133.18],[-108.086,-107.75],[-108.75,-82.674]],"c":true},"ix":2},"nm":"Path 1","mn":"ADBE Vector Shape - Group","hd":false},{"ty":"tr","p":{"a":0,"k":[574.669,465.331],"ix":2},"a":{"a":0,"k":[0,0],"ix":1},"s":{"a":0,"k":[100,100],"ix":3},"r":{"a":0,"k":0,"ix":6},"o":{"a":0,"k":100,"ix":7},"sk":{"a":0,"k":0,"ix":4},"sa":{"a":0,"k":0,"ix":5},"nm":"Transform"}],"nm":"Group 3","np":2,"cix":2,"bm":0,"ix":2,"mn":"ADBE Vector Group","hd":false},{"ty":"tm","s":{"a":1,"k":[{"i":{"x":[0],"y":[1]},"o":{"x":[0.333],"y":[0]},"t":0,"s":[100]},{"t":30,"s":[0]}],"ix":1},"e":{"a":1,"k":[{"i":{"x":[0],"y":[1]},"o":{"x":[0.333],"y":[0]},"t":110,"s":[100]},{"t":140,"s":[0]}],"ix":2},"o":{"a":0,"k":0,"ix":3},"m":1,"ix":3,"nm":"Trim Paths 1","mn":"ADBE Vector Filter - Trim","hd":false},{"ty":"fl","c":{"a":0,"k":[1,1,1,1],"ix":4},"o":{"a":1,"k":[{"i":{"x":[0.833],"y":[0.833]},"o":{"x":[0.167],"y":[0.167]},"t":30,"s":[0]},{"i":{"x":[0.833],"y":[0.833]},"o":{"x":[0.167],"y":[0.167]},"t":40,"s":[100]},{"i":{"x":[0.833],"y":[0.833]},"o":{"x":[0.167],"y":[0.167]},"t":100,"s":[100]},{"t":110,"s":[0]}],"ix":5},"r":1,"bm":0,"nm":"Fill 1","mn":"ADBE Vector Graphic - Fill","hd":false},{"ty":"st","c":{"a":0,"k":[1,1,1,1],"ix":3},"o":{"a":1,"k":[{"i":{"x":[0.833],"y":[0.833]},"o":{"x":[0.167],"y":[0.167]},"t":30,"s":[100]},{"i":{"x":[0.833],"y":[0.833]},"o":{"x":[0.167],"y":[0.167]},"t":40,"s":[0]},{"i":{"x":[0.833],"y":[0.833]},"o":{"x":[0.167],"y":[0.167]},"t":100,"s":[0]},{"t":110,"s":[100]}],"ix":4},"w":{"a":0,"k":4,"ix":5},"lc":1,"lj":1,"ml":4,"bm":0,"nm":"Stroke 1","mn":"ADBE Vector Graphic - Stroke","hd":false}],"ip":0,"op":151,"st":0,"bm":0},{"ddd":0,"ind":3,"ty":4,"nm":"LAYER","sr":1,"ks":{"o":{"a":0,"k":100,"ix":11},"r":{"a":0,"k":0,"ix":10},"p":{"a":0,"k":[960,560,0],"ix":2,"l":2},"a":{"a":0,"k":[540,540,0],"ix":1,"l":2},"s":{"a":0,"k":[100,100,100],"ix":6,"l":2}},"ao":0,"shapes":[{"ty":"gr","it":[{"ind":1,"ty":"sh","ix":2,"ks":{"a":0,"k":{"i":[[3.763,18.914],[13.908,13.906],[0,0],[0,0],[56.351,0],[0,0],[0,-56.351],[0,0],[0,0],[3.762,-18.912],[-7.526,-18.17],[-16.034,-10.714],[-5.607,-2.366],[0,0],[-56.35,0],[0,0],[0,56.35],[0,0],[-5.099,3.407],[-7.526,18.17]],"o":[[-3.763,-18.915],[0,0],[0,0],[0,-56.351],[0,0],[-56.35,0],[0,0],[0,0],[-13.907,13.908],[-3.762,18.914],[7.527,18.17],[5.099,3.407],[0,0],[0,56.35],[0,0],[56.351,0],[0,0],[5.607,-2.366],[16.034,-10.713],[7.527,-18.17]],"v":[[362.852,80.965],[335.842,30.797],[304.968,-0.078],[304.968,-201.683],[202.937,-303.714],[-202.938,-303.714],[-304.969,-201.683],[-304.969,-0.079],[-335.846,30.798],[-362.853,80.965],[-357.1,137.65],[-321.086,181.801],[-304.969,190.409],[-304.969,201.682],[-202.938,303.714],[202.937,303.714],[304.968,201.682],[304.968,190.409],[321.085,181.801],[357.098,137.65]],"c":true},"ix":2},"nm":"Path 2","mn":"ADBE Vector Shape - Group","hd":false},{"ty":"mm","mm":1,"nm":"Merge Paths 1","mn":"ADBE Vector Filter - Merge","hd":false},{"ty":"st","c":{"a":0,"k":[1,1,1,1],"ix":3},"o":{"a":1,"k":[{"i":{"x":[0.833],"y":[0.833]},"o":{"x":[0.167],"y":[0.167]},"t":30,"s":[100]},{"i":{"x":[0.833],"y":[0.833]},"o":{"x":[0.167],"y":[0.167]},"t":45,"s":[0]},{"i":{"x":[0.833],"y":[0.833]},"o":{"x":[0.167],"y":[0.167]},"t":100,"s":[0]},{"t":115,"s":[100]}],"ix":4},"w":{"a":0,"k":4,"ix":5},"lc":1,"lj":1,"ml":4,"bm":0,"nm":"Stroke 1","mn":"ADBE Vector Graphic - Stroke","hd":false},{"ty":"gf","o":{"a":1,"k":[{"i":{"x":[0.833],"y":[0.833]},"o":{"x":[0.167],"y":[0.167]},"t":30,"s":[0]},{"i":{"x":[0.833],"y":[0.833]},"o":{"x":[0.167],"y":[0.167]},"t":45,"s":[100]},{"i":{"x":[0.833],"y":[0.833]},"o":{"x":[0.167],"y":[0.167]},"t":100,"s":[100]},{"t":115,"s":[0]}],"ix":10},"r":1,"bm":0,"g":{"p":3,"k":{"a":0,"k":[0.005,0.447,0.435,0.953,0.502,0.404,0.227,0.775,1,0.361,0.02,0.596],"ix":9}},"s":{"a":0,"k":[-191,-279],"ix":5},"e":{"a":0,"k":[203,249],"ix":6},"t":1,"nm":"Gradient Fill 1","mn":"ADBE Vector Graphic - G-Fill","hd":false},{"ty":"tr","p":{"a":0,"k":[540,540],"ix":2},"a":{"a":0,"k":[0,0],"ix":1},"s":{"a":0,"k":[100,100],"ix":3},"r":{"a":0,"k":0,"ix":6},"o":{"a":0,"k":100,"ix":7},"sk":{"a":0,"k":0,"ix":4},"sa":{"a":0,"k":0,"ix":5},"nm":"Transform"}],"nm":"Group 5","np":5,"cix":2,"bm":0,"ix":1,"mn":"ADBE Vector Group","hd":false},{"ty":"tm","s":{"a":1,"k":[{"i":{"x":[0],"y":[1]},"o":{"x":[0.333],"y":[0]},"t":0,"s":[100]},{"t":15,"s":[0]}],"ix":1},"e":{"a":1,"k":[{"i":{"x":[0.667],"y":[1]},"o":{"x":[0.333],"y":[0]},"t":115,"s":[100]},{"t":150,"s":[0]}],"ix":2},"o":{"a":0,"k":0,"ix":3},"m":1,"ix":2,"nm":"Trim Paths 1","mn":"ADBE Vector Filter - Trim","hd":false}],"ip":0,"op":151,"st":0,"bm":0}],"markers":[]}